{
  "additionalFiles": "",
  "builtInLibrariesFolders": "C:\\Users\\Fateme\\AppData\\Local\\Arduino15\\libraries",
  "builtInToolsFolders": "",
  "compiler.optimization_flags": "",
  "customBuildProperties": "build.warn_data_percentage=75",
  "fqbn": "arduino:avr:uno",
  "hardwareFolders": "C:\\Users\\Fateme\\AppData\\Local\\Arduino15\\packages",
  "otherLibrariesFolders": "C:\\Users\\Fateme\\OneDrive\\Documents\\Arduino\\libraries",
  "sketchLocation": "C:\\Users\\Fateme\\OneDrive\\Documents\\Arduino\\ethernet_cheking"
}